{
  "_Gate__n_qubits": 1.0,
  "_Gate__gate": [
    [
      0.7071067811865475,
      0.7071067811865475
    ],
    [
      -0.7071067811865475,
      0.7071067811865475
    ]
  ]
}